{
  "Displays": {
    "BasicCppBlock/8DgeWCI0nGCD0O3xItLwRNzotQovTjtd": {
      "times": [0, 1e-06, 7e-06, 4.3e-05, 0.000259, 0.001555, 0.009331, 0.055987, 0.335923, 2.01554, 5],
      "values": [0, -6e-06, -4.2e-05, -0.000258, -0.001554, -0.00933, -0.055986, -0.335922, -2.01554, -12.0932, -30]
    },
    "BasicCppBlock/FV7NHflKks0wYFMs1l61P9hHFlpR0C2T": {
      "times": [0],
      "values": [{"real":734, "imag":678}]
    }
  }
}
