{
  "Displays": {
    "BasicCppBlock/8DgeWCI0nGCD0O3xItLwRNzotQovTjtd": {
      "times": [0, 1e-06, 7e-06, 4.3e-05, 0.000259, 0.001555, 0.009331, 0.055987, 0.335923, 2.01554, 5],
      "values": [0, 3e-06, 2.1e-05, 0.000129, 0.000777, 0.004665, 0.027993, 0.167961, 1.00777, 6.04662, 15]
    },
    "BasicCppBlock/FV7NHflKks0wYFMs1l61P9hHFlpR0C2T": {
      "times": [0],
      "values": [{"real":4756, "imag":3364}]
    }
  }
}
