{
  "Displays": {
    "DPra2jBaxvBllVpyTFkHBrYI8NMKLczQ": {
      "times": [0, 1e-06, 7e-06, 4.3e-05, 0.000259, 0.001555, 0.009331, 0.0467365, 0.0849047, 0.123766, 0.163322, 0.203576, 0.244533, 0.286195, 0.32857, 0.371662, 0.415479, 0.460029, 0.50532, 0.551361, 0.598161, 0.645733, 0.694086, 0.743234, 0.79319, 0.843967, 0.895581, 0.948047, 1.00138, 1.0556, 1.11073, 1.16678, 1.22378, 1.28175, 1.34071, 1.40069, 1.46171, 1.5238, 1.58699, 1.65131, 1.7168, 1.78348, 1.85139, 1.92058, 1.99108, 2.06294, 2.13619, 2.2109, 2.28711, 2.36487, 2.44425, 2.52531, 2.6081, 2.6927, 2.77919, 2.86765, 2.95815, 3.0508, 3.14568, 3.24291, 3.3426, 3.44486, 3.54984, 3.65767, 3.7685, 3.88251, 3.99988, 4.1208, 4.24548, 4.37418, 4.50714, 4.64466, 4.78706, 4.93467, 5.08791, 5.2472, 5.41304, 5.58598, 5.76664, 5.95575, 6.15412, 6.36269, 6.58256, 6.81499, 7.0615, 7.32388, 7.60426, 7.90527, 8.23013, 8.58286, 8.96857, 9.39391, 9.8677, 10.402, 11.0139, 11.7284, 12.5847, 13.6476, 15.0359, 16.995, 18],
      "values": [0, 1e-06, 7e-06, 4.3e-05, 0.000259, 0.001555, 0.009331, 0.0467365, 0.0849047, 0.123766, 0.163322, 0.203576, 0.244533, 0.286195, 0.32857, 0.371662, 0.415479, 0.460029, 0.50532, 0.551361, 0.598161, 0.645733, 0.694086, 0.743234, 0.79319, 0.843967, 0.895581, 0.948047, 1.00138, 1.0556, 1.11073, 1.16678, 1.22378, 1.28175, 1.34071, 1.40069, 1.46171, 1.5238, 1.58699, 1.65131, 1.7168, 1.78348, 1.85139, 1.92058, 1.99108, 2.06294, 2.13619, 2.2109, 2.28711, 2.36487, 2.44425, 2.52531, 2.6081, 2.6927, 2.77919, 2.86765, 2.95815, 3.0508, 3.14568, 3.24291, 3.3426, 3.44486, 3.54984, 3.65767, 3.7685, 3.88251, 3.99988, 4.1208, 4.24548, 4.37418, 4.50714, 4.64466, 4.78706, 4.93467, 5.08791, 5.2472, 5.41304, 5.58598, 5.76664, 5.95575, 6.15412, 6.36269, 6.58256, 6.81499, 7.0615, 7.32388, 7.60426, 7.90527, 8.23013, 8.58286, 8.96857, 9.39391, 9.8677, 10.402, 11.0139, 11.7284, 12.5847, 13.6476, 15.0359, 16.995, 18]
    },
    "U9XVGH2M5YPSme3VElTWzwXHpwNRHT8a": {
      "times": [0, 1e-06, 7e-06, 4.3e-05, 0.000259, 0.001555, 0.009331, 0.0467365, 0.0849047, 0.123766, 0.163322, 0.203576, 0.244533, 0.286195, 0.32857, 0.371662, 0.415479, 0.460029, 0.50532, 0.551361, 0.598161, 0.645733, 0.694086, 0.743234, 0.79319, 0.843967, 0.895581, 0.948047, 1.00138, 1.0556, 1.11073, 1.16678, 1.22378, 1.28175, 1.34071, 1.40069, 1.46171, 1.5238, 1.58699, 1.65131, 1.7168, 1.78348, 1.85139, 1.92058, 1.99108, 2.06294, 2.13619, 2.2109, 2.28711, 2.36487, 2.44425, 2.52531, 2.6081, 2.6927, 2.77919, 2.86765, 2.95815, 3.0508, 3.14568, 3.24291, 3.3426, 3.44486, 3.54984, 3.65767, 3.7685, 3.88251, 3.99988, 4.1208, 4.24548, 4.37418, 4.50714, 4.64466, 4.78706, 4.93467, 5.08791, 5.2472, 5.41304, 5.58598, 5.76664, 5.95575, 6.15412, 6.36269, 6.58256, 6.81499, 7.0615, 7.32388, 7.60426, 7.90527, 8.23013, 8.58286, 8.96857, 9.39391, 9.8677, 10.402, 11.0139, 11.7284, 12.5847, 13.6476, 15.0359, 16.995, 18],
      "values": [0, 0.001, 0.00264575, 0.00655744, 0.0160935, 0.0394335, 0.0965971, 0.216186, 0.291384, 0.351804, 0.404131, 0.451194, 0.494502, 0.534972, 0.57321, 0.609641, 0.644577, 0.678255, 0.710859, 0.742537, 0.773409, 0.803575, 0.833119, 0.86211, 0.890612, 0.918677, 0.946351, 0.973677, 1.00069, 1.02743, 1.05391, 1.08018, 1.10625, 1.13215, 1.15789, 1.18351, 1.20901, 1.23442, 1.25976, 1.28503, 1.31027, 1.33547, 1.36066, 1.38585, 1.41106, 1.43629, 1.46157, 1.48691, 1.51232, 1.53781, 1.56341, 1.58912, 1.61496, 1.64095, 1.66709, 1.69341, 1.71993, 1.74665, 1.77361, 1.80081, 1.82828, 1.85603, 1.8841, 1.9125, 1.94126, 1.97041, 1.99997, 2.02997, 2.06046, 2.09145, 2.123, 2.15515, 2.18793, 2.22141, 2.25564, 2.29068, 2.32659, 2.36347, 2.40138, 2.44044, 2.48075, 2.52244, 2.56565, 2.61055, 2.65735, 2.70627, 2.75758, 2.81163, 2.86882, 2.92965, 2.99476, 3.06495, 3.14129, 3.22521, 3.31871, 3.42467, 3.54749, 3.69427, 3.87761, 4.1225, 4.24264]
    },
    "ex3OSpQLM1TWnRUTaXtISQcQfbtYtkiD": {
      "times": [0, 1e-06, 7e-06, 4.3e-05, 0.000259, 0.001555, 0.009331, 0.0467365, 0.0849047, 0.123766, 0.163322, 0.203576, 0.244533, 0.286195, 0.32857, 0.371662, 0.415479, 0.460029, 0.50532, 0.551361, 0.598161, 0.645733, 0.694086, 0.743234, 0.79319, 0.843967, 0.895581, 0.948047, 1.00138, 1.0556, 1.11073, 1.16678, 1.22378, 1.28175, 1.34071, 1.40069, 1.46171, 1.5238, 1.58699, 1.65131, 1.7168, 1.78348, 1.85139, 1.92058, 1.99108, 2.06294, 2.13619, 2.2109, 2.28711, 2.36487, 2.44425, 2.52531, 2.6081, 2.6927, 2.77919, 2.86765, 2.95815, 3.0508, 3.14568, 3.24291, 3.3426, 3.44486, 3.54984, 3.65767, 3.7685, 3.88251, 3.99988, 4.1208, 4.24548, 4.37418, 4.50714, 4.64466, 4.78706, 4.93467, 5.08791, 5.2472, 5.41304, 5.58598, 5.76664, 5.95575, 6.15412, 6.36269, 6.58256, 6.81499, 7.0615, 7.32388, 7.60426, 7.90527, 8.23013, 8.58286, 8.96857, 9.39391, 9.8677, 10.402, 11.0139, 11.7284, 12.5847, 13.6476, 15.0359, 16.995, 18],
      "values": [1, 0.999999, 0.999993, 0.999957, 0.999741, 0.998446, 0.990712, 0.954339, 0.9186, 0.883587, 0.849318, 0.815808, 0.78307, 0.751116, 0.719953, 0.689587, 0.660024, 0.631265, 0.603312, 0.576165, 0.549822, 0.524278, 0.499531, 0.475573, 0.452399, 0.430001, 0.40837, 0.387497, 0.367371, 0.347982, 0.329318, 0.311366, 0.294115, 0.27755, 0.261659, 0.246427, 0.231839, 0.217882, 0.20454, 0.191798, 0.179641, 0.168053, 0.157018, 0.146522, 0.136548, 0.12708, 0.118103, 0.109602, 0.10156, 0.0939611, 0.086791, 0.0800339, 0.0736745, 0.0676977, 0.0620886, 0.0568325, 0.0519148, 0.0473212, 0.0430376, 0.0390501, 0.035345, 0.0319091, 0.0287293, 0.0257926, 0.0230866, 0.020599, 0.0183179, 0.0162316, 0.0143288, 0.0125985, 0.0110299, 0.00961277, 0.00833697, 0.00719281, 0.00617091, 0.00526223, 0.00445808, 0.00375009, 0.00313025, 0.00259089, 0.00212471, 0.00172472, 0.00138431, 0.0010972, 0.000857491, 0.000659603, 0.000498325, 0.000368796, 0.000266504, 0.000187292, 0.000127353, 8.32323e-05, 5.18245e-05, 3.03743e-05, 1.64744e-05, 8.06404e-06, 3.42642e-06, 1.1849e-06, 2.96991e-07, 4.30441e-08, 1.57693e-08]
    },
    "qbALfqgUXD26tZxOxYF7lazDbURySbkh": {
      "times": [0, 1e-06, 7e-06, 4.3e-05, 0.000259, 0.001555, 0.009331, 0.0467365, 0.0849047, 0.123766, 0.163322, 0.203576, 0.244533, 0.286195, 0.32857, 0.371662, 0.415479, 0.460029, 0.50532, 0.551361, 0.598161, 0.645733, 0.694086, 0.743234, 0.79319, 0.843967, 0.895581, 0.948047, 1.00138, 1.0556, 1.11073, 1.16678, 1.22378, 1.28175, 1.34071, 1.40069, 1.46171, 1.5238, 1.58699, 1.65131, 1.7168, 1.78348, 1.85139, 1.92058, 1.99108, 2.06294, 2.13619, 2.2109, 2.28711, 2.36487, 2.44425, 2.52531, 2.6081, 2.6927, 2.77919, 2.86765, 2.95815, 3.0508, 3.14568, 3.24291, 3.3426, 3.44486, 3.54984, 3.65767, 3.7685, 3.88251, 3.99988, 4.1208, 4.24548, 4.37418, 4.50714, 4.64466, 4.78706, 4.93467, 5.08791, 5.2472, 5.41304, 5.58598, 5.76664, 5.95575, 6.15412, 6.36269, 6.58256, 6.81499, 7.0615, 7.32388, 7.60426, 7.90527, 8.23013, 8.58286, 8.96857, 9.39391, 9.8677, 10.402, 11.0139, 11.7284, 12.5847, 13.6476, 15.0359, 16.995, 18],
      "values": [0, 1e-06, 6.99998e-06, 4.29991e-05, 0.000258966, 0.00155379, 0.0092876, 0.0456612, 0.0814002, 0.116413, 0.150682, 0.184192, 0.21693, 0.248884, 0.280047, 0.310413, 0.339976, 0.368735, 0.396688, 0.423835, 0.450178, 0.475722, 0.500469, 0.524427, 0.547601, 0.569999, 0.59163, 0.612503, 0.632629, 0.652018, 0.670682, 0.688634, 0.705885, 0.72245, 0.738341, 0.753573, 0.768161, 0.782118, 0.79546, 0.808202, 0.820359, 0.831947, 0.842982, 0.853478, 0.863452, 0.87292, 0.881897, 0.890398, 0.89844, 0.906039, 0.913209, 0.919966, 0.926326, 0.932302, 0.937911, 0.943167, 0.948085, 0.952679, 0.956962, 0.96095, 0.964655, 0.968091, 0.971271, 0.974207, 0.976913, 0.979401, 0.981682, 0.983768, 0.985671, 0.987402, 0.98897, 0.990387, 0.991663, 0.992807, 0.993829, 0.994738, 0.995542, 0.99625, 0.99687, 0.997409, 0.997875, 0.998275, 0.998616, 0.998903, 0.999143, 0.99934, 0.999502, 0.999631, 0.999733, 0.999813, 0.999873, 0.999917, 0.999948, 0.99997, 0.999984, 0.999992, 0.999997, 0.999999, 1, 1, 1]
    }
  }
}
