{
  "Displays": {
    "BasicCppBlock/FV7NHflKks0wYFMs1l61P9hHFlpR0C2T": {
      "times": [0, 1e-06, 7e-06, 4.3e-05, 0.000259, 0.001555, 0.009331, 0.0290074, 0.049618, 0.0710922, 0.0933838, 0.116454, 0.140272, 0.16481, 0.190045, 0.215957, 0.24253, 0.269749, 0.297602, 0.326078, 0.355168, 0.384864, 0.41516, 0.446051, 0.477532, 0.5096, 0.542252, 0.575486, 0.609302, 0.643699, 0.678678, 0.71424, 0.750385, 0.787117, 0.824438, 0.862352, 0.900862, 0.939973, 0.97969, 1.02002, 1.06096, 1.10253, 1.14473, 1.18757, 1.23106, 1.2752, 1.32, 1.36548, 1.41165, 1.45851, 1.50608, 1.55437, 1.60339, 1.65316, 1.7037, 1.75501, 1.80711, 1.86003, 1.91377, 1.96836, 2.02382, 2.08016, 2.13741, 2.1956, 2.25474, 2.31486, 2.37599, 2.43816, 2.50139, 2.56572, 2.63117, 2.69779, 2.76562, 2.83468, 2.90501, 2.97668, 3.0497, 3.12415, 3.20006, 3.27749, 3.3565, 3.43715, 3.5195, 3.60362, 3.68958, 3.77747, 3.86737, 3.95937, 4.05355, 4.15003, 4.24892, 4.35033, 4.4544, 4.56126, 4.67105, 4.78396, 4.90014, 5],
      "values": [0, 1e-05, 6.99998e-05, 0.000429991, 0.00258966, 0.0155379, 0.092876, 0.285907, 0.484071, 0.68624, 0.891561, 1.09929, 1.30878, 1.51945, 1.73078, 1.9423, 2.1536, 2.36429, 2.57403, 2.78251, 2.98944, 3.19457, 3.39766, 3.59849, 3.79687, 3.99264, 4.18562, 4.37569, 4.5627, 4.74655, 4.92713, 5.10436, 5.27815, 5.44845, 5.61519, 5.77832, 5.93781, 6.09362, 6.24572, 6.39411, 6.53878, 6.67971, 6.81691, 6.95039, 7.08016, 7.20624, 7.32865, 7.44742, 7.56258, 7.67417, 7.78222, 7.88677, 7.98787, 8.08557, 8.17991, 8.27094, 8.35873, 8.44332, 8.52477, 8.60314, 8.6785, 8.7509, 8.8204, 8.88708, 8.95099, 9.0122, 9.07078, 9.12678, 9.18029, 9.23136, 9.28006, 9.32646, 9.37063, 9.41262, 9.45252, 9.49038, 9.52627, 9.56026, 9.5924, 9.62277, 9.65143, 9.67844, 9.70386, 9.72775, 9.75018, 9.7712, 9.79087, 9.80925, 9.82639, 9.84236, 9.8572, 9.87098, 9.88373, 9.89551, 9.90638, 9.91637, 9.92554, 9.93262]
    }
  }
}
